X Handle,Name,Country,Followers,Role,Interests
@pratikdev,Pratik Sinha,India,1250,Software Developer,"AI, React, Node.js"
@rahulbuilds,Rahul Sharma,India,2840,Founder,"SaaS, AI, Startups"
@ananya_codes,Ananya Verma,India,980,Developer,"Python, ML, Web"
@alexbuilds,Alex Johnson,USA,5200,Founder,"AI, SaaS, Growth"
@sarahdev,Sarah Lee,UK,3150,Designer,"UI/UX, Branding, Figma"
@michaeldev,Michael Chen,Canada,4500,Engineering Manager,"Kubernetes, Docker, Go"
@devika_23,Devika Rao,India,1800,Data Scientist,"Python, TensorFlow, Analytics"
@james_w,James Wilson,Australia,3200,Full Stack,"JavaScript, React, Node.js"
@emma_co,Emerald Cooke,UK,2100,Product Manager,"Agile, Product Strategy, Roadmaps"
@david_tech,David Park,USA,6800,Senior Developer,"Python, React, Cloud"
@sophia_dev,Sophia Martinez,Spain,2500,Frontend Developer,"React, CSS, Vue.js"
@rohan_off,Rohan Patel,India,1500,Backend Developer,"Node.js, MongoDB, Express"
@lisa_g,Lisa Gomez,Germany,3600,DevOps Engineer,"Docker, Kubernetes, AWS"
@kwame_tech,Kwame Osei,Germany,890,CTO,"AI, Machine Learning, Strategy"
@zoe_designs,Zoe Wang,China,1200,UI Designer,"Figma, Sketch, Figma"
@ben_data,Ben Davis,Canada,2300,Data Engineer,"SQL, Python, Airflow"
@alice_ai,Alice Thompson,UK,4200,AI Researcher,"Machine Learning, GPT, Research"
@bob_dev,Bob Anderson,USA,3900,Mobile Developer,"Swift, Kotlin, React Native"
@carol_s,Carol Liu,Australia,1750,QA Engineer,"Testing, Cypress, Selenium"
@dave_ops,Dave Richardson,Netherlands,3100,Site Reliability,"Prometheus, Grafana, Linux"
@eve_qa,Eve Stewart,India,1400,Quality Assurance,"Test Automation, Cypress, Playwright"
@frank_dev,Frank Miller,USA,4700,Full Stack Developer,"TypeScript, React, Node.js"
@gina_ml,Gina Kim,South Korea,2200,Machine Learning Engineer,"Python, PyTorch, NLP"
@hank_data,Henry Zhao,China,1100,Database Administrator,"SQL, PostgreSQL, MongoDB"
@irene_ux,Irene Svensson,Sweden,2800,UX Designer,"Figma, User Research, Prototyping"
@jack_algo,Jack Anderson,UK,3500,Algorithm Engineer,"Python, Optimization, Data Structures"
@kara_dev,Kara Mitchell,Canada,1900,Full Stack,"JavaScript, React, Go"
@leo_ai,Leo Parker,Germany,4100,AI Product Lead,"Product Strategy, ML, Team Management"
@mia_dev,Mia Thompson,USA,2600,Software Engineer,"Python, React, Cloud"
@navin_ops,Navin Singh,India,1300,Site Reliability,"Kubernetes, Docker, Prometheus"
@olivia_design,Olivia Chen,UK,3300,Product Designer,"Figma, UX Research, Design Systems"
@peter_data,Peter Olsen,Norway,1600,Backend Developer,"Java, Spring, Hibernate"
@qara_ml,Qara Hassan,Saudi Arabia,950,ML Specialist,"Python, TensorFlow, Deep Learning"
@ravi_dev,Ravi Sharma,India,2400,Full Stack Developer,"React, Node.js, TypeScript"
@sara_design,Sara Williams,Australia,2900,Graphic Designer,"Adobe Creative, Figma, Illustrator"
@tom_tech,Tom Baker,USA,4600,Systems Engineer,"Linux, Bash, Automation"
@uma_ai,Uma Patel,India,1250,Research Scientist,"AI, Computer Vision, Research"
@val_dev,Valentina Rossi,Italy,3000,Full Stack Developer,"Python, React, Go"
@will_ops,William King,UK,3800,DevOps Lead,"Kubernetes, Terraform, CI/CD"
@xiao_min,Xiao Li,China,800,Data Analyst,"SQL, Python, Tableau"
@yvette_design,Yvette Brown,Canada,2700,Designer,"Figma, Sketch, Illustrator"
@zach_dev,Zach Nelson,USA,4300,Full Stack,"TypeScript, React, Node.js"
@adia_ml,Adia Khan,Pakistan,750,Machine Learning Engineer,"Python, PyTorch, NLP"
@carlos_data,Carlos Rodriguez,Spain,3200,Data Scientist,"Python, R, Statistics"
@deepa_dev,Deepika Singh,India,2100,Software Developer,"JavaScript, React, Node.js"
@elias_ai,Elias Garcia,Mexico,1500,AI Engineer,"Machine Learning, Deep Learning, Research"
@fatima_ux,Fatima Ahmed,UK,2300,UX Researcher,"User Research, Usability, Prototyping"
@george_dev,George Wright,USA,4800,Senior Software Engineer,"System Design, Microservices, Cloud"
@hanna_ux,Hanna Johnson,Sweden,2200,Product Designer,"Figma, Design Thinking, Prototyping"
@ivan_tech,Ivan Petrov,Russia,1800,Full Stack Developer,"JavaScript, TypeScript, React"
@judy_data,Judy Morris,UK,3400,Data Engineer,"SQL, Python, Airflow"
@keith_dev,Keith Taylor,Canada,2500,Full Stack,"Python, React, Go"
@linda_ux,Linda Anderson,UK,2800,UX Designer,"Figma, User Research, Prototyping"
@mark_dev,Mark Wilson,USA,4200,Full Stack Developer,"TypeScript, React, Node.js"
@nina_design,Nina Taylor,Australia,1900,Graphic Designer,"Adobe Creative, Figma, Illustrator"
@osc_ops,Olivia Smith,UK,3600,Site Reliability Engineer,"Kubernetes, Prometheus, Grafana"
@paul_data,Paul Johnson,USA,4500,Data Scientist,"Python, Machine Learning, Statistics"
@queen_ux,Queen Brown,UK,2100,UX Designer,"Figma, User Research, Usability"
@roy_tech,Roy Davis,USA,4900,Chief Technology Officer,"AI, Strategy, Team Building"
@sara_ai,Sara Connors,USA,3300,AI Researcher,"Machine Learning, GPT, Computer Vision"
@tim_dev,Tim Lee,Canada,2600,Software Engineer,"Python, React, Cloud"
@uma_ml,Uma Patel,India,1250,Machine Learning Engineer,"Python, PyTorch, NLP"
@victor_ops,Victor King,UK,3700,DevOps Engineer,"Kubernetes, Terraform, CI/CD"
@wanda_design,Wanda Moore,Australia,2000,Product Designer,"Figma, UX Research, Design Systems"
@xavier_data,Xavier Martin,France,1400,Data Analyst,"SQL, Python, Tableau"
@yvette_ml,Yvette Adams,UK,3900,Machine Learning Engineer,"Python, PyTorch, NLP"
@zach_app,Zach Collins,USA,4400,Full Stack Developer,"TypeScript, React, Node.js"